prodName,prodImage-src,prodPrice,prodBadge
P-TEX Ankle Brace With Stabilizers,https://dks.scene7.com/is/image/dkscdn/17PTEUPTXNKLBRCWSSPM_is/?$DSG_ProductCard$,null,DicksExclusive
Spalding King of the Beach USA Replica Outdoor Volleyball,https://dks.scene7.com/is/image/dkscdn/16SPLUSPLDNGKNGFTVLL_Black_White_is/?$DSG_ProductCard$,$24.99 ,null
Wilson Graffiti Outdoor Volleyball,https://dks.scene7.com/is/image/dkscdn/16WILUGRFFTBLLXXXVLL_Multi_is/?$DSG_ProductCard$,$19.99 ,null
Tandem Round Volleyball Blocking Pads,https://dks.scene7.com/is/image/dkscdn/17TANURNDVBBLCKNGVLL_is/?$DSG_ProductCard$,$49.99 ,null
ASICS Women's Gel-Rocket 9 Volleyball Shoes,https://dks.scene7.com/is/image/dkscdn/19ASIWGLRCKT9BLKWFTW_Black_White_is/?$DSG_ProductCard$,null,null
Champion Volleyball Trainer Set,https://dks.scene7.com/is/image/dkscdn/16CPSUVLLYBLLTRNRVLL_is/?$DSG_ProductCard$,$95.99 ,null
Nike Skills Mini Volleyball,https://dks.scene7.com/is/image/dkscdn/20NIKUNKSKLLSMNVBVLL_Camo_Green_is/?$DSG_ProductCard$,$13.00 ,null
adidas Women's Ligra 6 Volleyball Shoes,https://dks.scene7.com/is/image/dkscdn/18ADIWLGR6BLKSLVXFTW_Black_Gum_is/?$DSG_ProductCard$,$44.97 - $64.99,null
Tandem Collapsible Spike Trainer,https://dks.scene7.com/is/image/dkscdn/19TANUCLLPSBLSPKTVLL_is/?$DSG_ProductCard$,$98.00 ,null
Shock Doctor Ultra Wrap Lace Ankle Brace,https://dks.scene7.com/is/image/dkscdn/16SKRULTRWRPLCNKLSPM_White_is/?$DSG_ProductCard$,$39.99 ,null
Molten Neon Camo Recreational Volleyball,https://dks.scene7.com/is/image/dkscdn/19MOLUMLTNNNCMRCBVLL_Neon_is/?$DSG_ProductCard$,$16.99 ,null
DICK'S Sporting Goods Mesh Ball Bag,https://dks.scene7.com/is/image/dkscdn/16DSGUMSHBLLBG201GAA_Black_is/?$DSG_ProductCard$,$9.99 ,DicksExclusive
Nike Girls' Fury Headband,https://dks.scene7.com/is/image/dkscdn/16NIKWFRYHDBND20XSPRX_Black_is/?$DSG_ProductCard$,null,null
Nike Women's Swoosh Logo Printed Sports Bra,https://dks.scene7.com/is/image/dkscdn/20NIKWNKSWSHPLGBRAPU_Pink_Glow_is/?$DSG_ProductCard$,$40.00 ,NewArrivals
adidas Women's Crazyflight X 3 Volleyball Shoes,https://dks.scene7.com/is/image/dkscdn/19ADIWCRZYFLGHTX3FTWA_Black_Gum_is/?$DSG_ProductCard$,null,null
Tachikara SV-5WM Indoor Volleyball,https://dks.scene7.com/is/image/dkscdn/16TACUSV5WMNDRBLLVLL_College_Blue_White_Silver_is/?$DSG_ProductCard$,$44.99 ,null
"Mizuno Core Flat Front Vortex Hybrid 3.5"" Volleyball Shorts",https://dks.scene7.com/is/image/dkscdn/16MIZWFLTFRNTVRTXVLL_Charcoal_is/?$DSG_ProductCard$,$22.99 ,null
DSG Solana Indoor/Outdoor Volleyball,https://dks.scene7.com/is/image/dkscdn/19QYFUDSGSLNVLLYBVLL_Blue_is/?$DSG_ProductCard$,$14.99 ,DicksExclusive
Tandem Volleyball Pal,https://dks.scene7.com/is/image/dkscdn/16TANUVLLYBLLPLXXVLL_is/?$DSG_ProductCard$,$19.99 ,null
Wilson Pro Tour Indoor Volleyball,https://dks.scene7.com/is/image/dkscdn/19WILUPRTRVBBLKWHVLL_Black_White_is/?$DSG_ProductCard$,$19.99 ,null
Wilson K1 Silver Indoor Volleyball,https://dks.scene7.com/is/image/dkscdn/19WILUK1SLVRVBRDWVLL_Red_White_Navy_is/?$DSG_ProductCard$,$49.99 ,null
Nike Girls' Fury Headband 2.0,https://dks.scene7.com/is/image/dkscdn/18NIKGFRYHDBND20XSPR_Pink_Gaze_Phantom_is/?$DSG_ProductCard$,null,null
Tandem Volleyball Target Challenger,https://dks.scene7.com/is/image/dkscdn/16TANUTRGTCHLLNGRVLL_is/?$DSG_ProductCard$,$299.99 ,null
Molten Camp Recreational Volleyball,https://dks.scene7.com/is/image/dkscdn/16MOLUNNCMPVBNDRXVLL_Neon_is/?$DSG_ProductCard$,$16.99 ,null
Tandem Volleyball Small Reaction Ball,https://dks.scene7.com/is/image/dkscdn/16TANUSMLLRCTNBLLVLL_is/?$DSG_ProductCard$,$6.99 ,null
Wilson AVP Special Edition II Outdoor Volleyball,https://dks.scene7.com/is/image/dkscdn/17WILUVPSPCLDTNVBVLL_Lime_Turquoise_is/?$DSG_ProductCard$,null,DicksExclusive
Tandem Volleyball Ponytail Pack,https://dks.scene7.com/is/image/dkscdn/19TANWVLLYBLLPNYTVLL_is/?$DSG_ProductCard$,$5.99 ,null
Nike Skills Mini Volleyball,https://dks.scene7.com/is/image/dkscdn/18NIKUSKLLSMNVLLYVLL_Aphd_Grn_Ind_Frc_Aphd_Grn_is/?$DSG_ProductCard$,$12.99 - $13.00,null
Tachikara Volley-Lite Indoor Volleyball,https://dks.scene7.com/is/image/dkscdn/15TACUSVMNVLLYLTNVLL_Black_White_is/?$DSG_ProductCard$,$34.99 - $35.99,null
Molten MS500 Recreational Volleyball,https://dks.scene7.com/is/image/dkscdn/19MOLUMLTNRCRTNLVVLL_Rainbow_is/?$DSG_ProductCard$,$16.99 ,null
Porter Volleyball Blocking Hands,https://dks.scene7.com/is/image/dkscdn/16PORUVLLYBLLBLCKVLL_is/?$DSG_ProductCard$,$39.99 ,null
NEOSPORT XSpan Hi-Top 2mm Neoprene Socks,https://dks.scene7.com/is/image/dkscdn/16HNDA2MMHTPNPRNSWST_Black_is/?$DSG_ProductCard$,null,null
adidas Alliance II Sack Pack,https://dks.scene7.com/is/image/dkscdn/16ADIULLNCSCKPCKXTRV_Active_Maroon_Blk_Jersey_is/?$DSG_ProductCard$,$12.99 - $18.00,null
Molten Paint Splat Recreational Volleyball,https://dks.scene7.com/is/image/dkscdn/20MOLUMLTN90SPNTSVLL_Turquoise_Pink_Yellow_is/?$DSG_ProductCard$,$16.99 ,null
Wilson Hawaii AVP Malibu Outdoor Volleyball with Disc,https://dks.scene7.com/is/image/dkscdn/19WILUHWVPVBMBLWHVLL_Maroon_Blue_White_is/?$DSG_ProductCard$,$19.99 ,null
Tandem Volleyball Finger Supports,https://dks.scene7.com/is/image/dkscdn/16TANUFNGRSPPRTSXVLL_is/?$DSG_ProductCard$,$7.99 ,null
Tandem Precision Ring Cover for Target Challenger,https://dks.scene7.com/is/image/dkscdn/19TANUPRCSNRNGCVRVLL_is/?$DSG_ProductCard$,$30.00 ,null
Mikasa VQ2000 Plus NFHS Competition Indoor Volleyball,https://dks.scene7.com/is/image/dkscdn/15D3FACNQ3STSMMRKPTBX_Black_White_is/?$DSG_ProductCard$,$39.99 ,null
DICK'S Sporting Goods Volleyball,https://dks.scene7.com/is/image/dkscdn/17DSGUDCKSPPVLLYBVLL_White_is/?$DSG_ProductCard$,$9.99 ,DicksExclusive
Tandem Triple Net Storage Rack,https://dks.scene7.com/is/image/dkscdn/19TANUTRPLNTSTRGRVLL_is/?$DSG_ProductCard$,$205.00 ,null
Wilson Pro Tour Indoor Volleyball,https://dks.scene7.com/is/image/dkscdn/16WILUPRTRVLLYBLLVLL_White_Black_is/?$DSG_ProductCard$,$19.99 ,null
Wilson OPTX AVP Tour Outdoor Volleyball,https://dks.scene7.com/is/image/dkscdn/20WILUPTXVPTRGMBLVLL_Yellow_Black_is/?$DSG_ProductCard$,$69.99 ,null
Nike Hyperspike 18P Indoor Volleyball,https://dks.scene7.com/is/image/dkscdn/18NIKUNKHYPRSPK18VLL_White_is/?$DSG_ProductCard$,$39.99 ,null
Mizuno Women's Volleyball Padded Elbow Sleeves,https://dks.scene7.com/is/image/dkscdn/19MIZUPDDDLBWSLVSVLL_Navy_is/?$DSG_ProductCard$,$34.99 ,null
Mikasa High Performance Indoor Volleyball,https://dks.scene7.com/is/image/dkscdn/16MIKUHGHPRFRMNCCVLL_Black_White_is/?$DSG_ProductCard$,$59.99 ,null
Tandem Volleyball Spike Trainer,https://dks.scene7.com/is/image/dkscdn/16TANUSPKTRNRXXXXVLL_is/?$DSG_ProductCard$,$88.99 ,null
Nike Dri-FIT 3.0 Head Tie,https://dks.scene7.com/is/image/dkscdn/19NIKUNKDRFTHDT30GAA_Black_White_is/?$DSG_ProductCard$,$12.00 ,TopSeller
Wilson Graffiti Outdoor Volleyball,https://dks.scene7.com/is/image/dkscdn/18WILUGRFFT18BLGRVLL_Blue_Green_is/?$DSG_ProductCard$,$19.99 ,null
Tachikara Zigzag Outdoor Volleyball,https://dks.scene7.com/is/image/dkscdn/16TACUSFTCBLLXXXXVLL_Luau_is/?$DSG_ProductCard$,null,null
Tachikara SV-5W Gold Indoor Volleyball,https://dks.scene7.com/is/image/dkscdn/16TACUSV5WGLDNDRBVLL_Blue_White_is/?$DSG_ProductCard$,$59.99 ,null
Tandem Volleyball Elbow Pads,https://dks.scene7.com/is/image/dkscdn/19TANUWHTLBWPDSXXVLL_is/?$DSG_ProductCard$,$17.99 ,null
Nike Women's React Hyperset Volleyball Shoes,https://dks.scene7.com/is/image/dkscdn/20NIKWRCTHYPRSTBLFTW_Black_White_is/?$DSG_ProductCard$,$124.99 ,NewArrivals
Mizuno LR6 Volleyball Knee Pads,https://dks.scene7.com/is/image/dkscdn/16MIZALPRKNPDXXXXVLL_White_is/?$DSG_ProductCard$,$29.99 ,null
Molten Super Touch Indoor Volleyball,https://dks.scene7.com/is/image/dkscdn/16MOLUSPRTCHNCVBNVLL_Black_White_Blue_is/?$DSG_ProductCard$,$64.99 ,null
Baden SkilCoach HeavySetter Training Volleyball,https://dks.scene7.com/is/image/dkscdn/16BDNUBDNSKLCCHHVVLL_White_is/?$DSG_ProductCard$,$44.99 ,null
Tandem Straighter Way Sleeves,https://dks.scene7.com/is/image/dkscdn/19TANUSTRGHTRWYXXVLL_is/?$DSG_ProductCard$,$35.99 ,null
Baden Pink Match Point Outdoor Volleyball,https://dks.scene7.com/is/image/dkscdn/16BDNUMTCHPNTPNKXVLL_Pink_is/?$DSG_ProductCard$,$14.99 ,null
Wilson Encore Indoor Volleyball,https://dks.scene7.com/is/image/dkscdn/19WILUNCRNDRVLLYBVLL_Red_White_Blue_is/?$DSG_ProductCard$,null,DicksExclusive
Baden Skilcoach Lightweight Training Volleyball,https://dks.scene7.com/is/image/dkscdn/16BDNUSKLCCHLGHTNVLL_Blue_Orange_is/?$DSG_ProductCard$,null,null
Harrow Elite Sports Backpack,https://dks.scene7.com/is/image/dkscdn/16HRWULTBCKPCKXXXLXA_Black_Lime_is/?$DSG_ProductCard$,$64.99 ,null
Tandem Volleyball Set Rite Training Aid,https://dks.scene7.com/is/image/dkscdn/16TANUSTRTTRNNGDXVLL_is/?$DSG_ProductCard$,$15.99 ,null
Molten Love Recreational Volleyball,https://dks.scene7.com/is/image/dkscdn/18MOLULVVLLYBLLXXVLL_White_Vb_Love_is/?$DSG_ProductCard$,null,null
Mikasa Official NVL-VX Replica Beach Volleyball,https://dks.scene7.com/is/image/dkscdn/16MIKUNVLRPLCBLLXVLL_Black_Pink_is/?$DSG_ProductCard$,$19.99 ,null
Tachikara SV-5WS Gold Indoor Volleyball,https://dks.scene7.com/is/image/dkscdn/16TACUSV5WSNDRBLLVLL_White_is/?$DSG_ProductCard$,$45.99 ,null
Wilson NCAA Official Beach Championship Game Volleyball,https://dks.scene7.com/is/image/dkscdn/16WILUNCBCHFFCLGMVLL_White_Blue_is/?$DSG_ProductCard$,$64.99 ,null
Wilson Graffiti Mini Volleyball,https://dks.scene7.com/is/image/dkscdn/17WILUGRFFTMNVBXXVLL_Graffitti_is/?$DSG_ProductCard$,$12.99 ,null
Tandem Pop-Up Volleyball Catcher,https://dks.scene7.com/is/image/dkscdn/17TANUPPPVLLYBLLCVLL_is/?$DSG_ProductCard$,$75.99 ,null
Champion Official Size Rubber Volleyball Set,https://dks.scene7.com/is/image/dkscdn/16CPSUFFCLSZRBBRVVLL_is/?$DSG_ProductCard$,$59.99 ,null
DICK'S Sporting Goods Ball Pump,https://dks.scene7.com/is/image/dkscdn/17DSGUDCKSBLLPMPXGAA_Gold_is/?$DSG_ProductCard$,$9.99 ,DicksExclusive
Mizuno Women's Wave Voltage Volleyball Shoes,https://dks.scene7.com/is/image/dkscdn/19MIZWWVVLTGWHTBLFTW_Black_Silver_is/?$DSG_ProductCard$,See Price In Cart,null
Mikasa Official FIVB Beach Volleyball,https://dks.scene7.com/is/image/dkscdn/16MIKULYMPCBCHCHMVLL_White_Blue_Lemon_is/?$DSG_ProductCard$,null,null
Tandem Rectangular Volleyball Blocking Pad,https://dks.scene7.com/is/image/dkscdn/17TANURCTNGLRVLLYVLL_is/?$DSG_ProductCard$,$59.99 ,null
Molten Youth Indoor Volleyball,https://dks.scene7.com/is/image/dkscdn/18MOLYMLTNYTHVLLYVLL_Red_White_Blue_is/?$DSG_ProductCard$,$34.99 ,null
Mizuno Youth Core T10 Plus Volleyball Knee Pads,https://dks.scene7.com/is/image/dkscdn/16MIZYYTHT10PLSKNVLL_White_is/?$DSG_ProductCard$,$19.99 ,null
Molten L2 Replica Composite Indoor Volleyball,https://dks.scene7.com/is/image/dkscdn/16MOLUNCRPLCBLLXXVLL_Aqua_White_is/?$DSG_ProductCard$,$34.99 ,null
Tandem Volleyball Quad Blocker Trainer,https://dks.scene7.com/is/image/dkscdn/16TANUTNDMQDBLCKRVLL_is/?$DSG_ProductCard$,$210.00 ,null
Mikasa VLX30 Olympic Replica Beach Volleyball,https://dks.scene7.com/is/image/dkscdn/16MIKULYMPCBCHRPLVLL_Blue_Yellow_is/?$DSG_ProductCard$,$19.99 ,null
Molten Mini Volleyball,https://dks.scene7.com/is/image/dkscdn/16MOLUMLTNMNVLLYBVLL_Bee_is/?$DSG_ProductCard$,$12.99 ,null
"Mizuno Women's Victory 3.5"" Volleyball Shorts",https://dks.scene7.com/is/image/dkscdn/17MIZWVCTRYSHRTXXVLL_Black_Diva_Blue_is/?$DSG_ProductCard$,$27.99 ,null
Tachikara SV-18S Official Indoor Volleyball,https://dks.scene7.com/is/image/dkscdn/16TACUSV18SNDRBLLVLL_Black_White_is/?$DSG_ProductCard$,$29.99 ,null
DICK'S Sporting Goods Nautical Mini Volleyball,https://dks.scene7.com/is/image/dkscdn/18DSGUDCKSMNVLLYBVLL_Nautical_is/?$DSG_ProductCard$,$12.99 ,DicksExclusive
Nike Women's Pro 3'' Shorts,https://dks.scene7.com/is/image/dkscdn/18NIKWPR3SHRTXXXXAPBC_Black_Active_Fuchsia_is/?$DSG_ProductCard$,$20.97 - $30.00,null
Wilson Soft Play Outdoor Volleyball,https://dks.scene7.com/is/image/dkscdn/16WILUSFTPLYTCHTDVLL_Blue_is/?$DSG_ProductCard$,$12.99 ,null
Tandem Volleyball Large Reaction Ball,https://dks.scene7.com/is/image/dkscdn/16TANULRGRCTNBLLXVLL_is/?$DSG_ProductCard$,$11.99 ,null
Nike Pro Girls' 4'' Shorts,https://dks.scene7.com/is/image/dkscdn/18NIKGPR3SHRTSLDXAPB_Black_Black_is/?$DSG_ProductCard$,$25.00 ,null
Wilson AVP Replica City New York Outdoor Volleyball,https://dks.scene7.com/is/image/dkscdn/19WILUVPCTYRPLVBNVLL_White_Yellow_Black_is/?$DSG_ProductCard$,$24.99 ,null
Champion Super Squeeze Volleyball Set,https://dks.scene7.com/is/image/dkscdn/16CPSUSPRSQZVLLYBVLL_is/?$DSG_ProductCard$,$109.99 ,null
Wilson AVP Replica II Beach Volleyball,https://dks.scene7.com/is/image/dkscdn/17WILUVPRPLCBCHXXVLL_White_Yellow_is/?$DSG_ProductCard$,$24.99 ,null
ASICS Women's 4” Compression Shorts,https://dks.scene7.com/is/image/dkscdn/16ASIW4NBSLNCMPSHVLL_Red_is/?$DSG_ProductCard$,$29.99 ,null
Tandem Volleyball Block Blaster,https://dks.scene7.com/is/image/dkscdn/16TANUBLCKBLSTRXXVLL_is/?$DSG_ProductCard$,$184.99 ,null
Under Armour Women's Highlight Ace 2.0 Volleyball Shoes,https://dks.scene7.com/is/image/dkscdn/19UARWHGHLGHTC20BFTW_Black_White_is/?$DSG_ProductCard$,$89.98 - $124.99,null
Baden Beach Elite Sand Volleyball,https://dks.scene7.com/is/image/dkscdn/19BDNABCHLTSNDVLLVLL_White_Blue_Green_is/?$DSG_ProductCard$,$51.99 ,null
Tandem Spot Target Training Kit,https://dks.scene7.com/is/image/dkscdn/16TANUTHSPTTRGTTRVLL_is/?$DSG_ProductCard$,$49.99 ,null
Mizuno Women's Wave Bolt 6 Volleyball Shoes,https://dks.scene7.com/is/image/dkscdn/17MIZWWVBLT6BLKSLVLL_White_Blue_is/?$DSG_ProductCard$,null,null
Shock Doctor Ultra Gel Lace Ankle Support,https://dks.scene7.com/is/image/dkscdn/FA12SDULTRGELLACEANKSPPRT_White_is/?$DSG_ProductCard$,null,null
Molten NCAA FLISTATEC Competition Volleyball,https://dks.scene7.com/is/image/dkscdn/16MOLAMLTNNCFLSTTVLL_Red_White_Blue_is/?$DSG_ProductCard$,$69.99 ,null
Tandem Volleyball Cinch Sack,https://dks.scene7.com/is/image/dkscdn/17TANUVLLYBLLCNCHVLL_White_is/?$DSG_ProductCard$,$5.99 ,null
Nike Adult Vapor Volleyball Knee Pads,https://dks.scene7.com/is/image/dkscdn/18NIKUNKVPRKNPDSXVLL_Black_Anthracite_Silver_is/?$DSG_ProductCard$,$39.99 ,null
Mikasa MV210 Official FIVB Indoor Volleyball,https://dks.scene7.com/is/image/dkscdn/16MIKUMKSMV210CMXVLL_Blue_Yellow_White_is/?$DSG_ProductCard$,$34.99 ,null
Tandem Volleyball Bungee Blocker,https://dks.scene7.com/is/image/dkscdn/16TANUBNGBLCKRXXXVLL_is/?$DSG_ProductCard$,$98.99 ,null
Baden Lexum Composite Light Volleyball,https://dks.scene7.com/is/image/dkscdn/16BDNULXMCMPSTLGHVLL_Multi_is/?$DSG_ProductCard$,$34.99 ,null
Tandem Volleyball Pass Catcher,https://dks.scene7.com/is/image/dkscdn/16TANUPSSCTCHRXXXVLL_is/?$DSG_ProductCard$,$109.99 ,null
Zamst A2 DX Ankle Brace,https://dks.scene7.com/is/image/dkscdn/16ZAMU2DXRGHTXXXXSPM_White_is/?$DSG_ProductCard$,$64.99 ,null
Tachikara The Setter Heavyweight Training Volleyball,https://dks.scene7.com/is/image/dkscdn/16TACUTB18TRNNGBLVLL_White_Red_is/?$DSG_ProductCard$,$54.99 ,null
Tandem Volleyball Clutch Pouch,https://dks.scene7.com/is/image/dkscdn/19TANUVLLYBLLCLTCVLL_is/?$DSG_ProductCard$,$15.99 ,null
Molten Camp Print Indoor/Outdoor Volleyball,https://dks.scene7.com/is/image/dkscdn/16MOLUMLTNCMPBLLXVLL_Neon_Tye_Dye_is/?$DSG_ProductCard$,$16.99 ,null
Molten Camp Mermaid Recreational Volleyball,https://dks.scene7.com/is/image/dkscdn/18MOLUMLTNRCRTNLVVLL_Mermaid_is/?$DSG_ProductCard$,$16.99 ,null
Mizuno Women's Wave Lightening Z4 Volleyball Shoes,https://dks.scene7.com/is/image/dkscdn/18MIZWWVLGHTNNGZ4FTW_Grey_is/?$DSG_ProductCard$,null,null
Tachikara SV-5WSC Indoor Volleyball,https://dks.scene7.com/is/image/dkscdn/16TACUSV5WSCNDRCLVLL_Black_White_is/?$DSG_ProductCard$,$45.99 ,null
Wilson OPTX AVP Replica Outdoor Volleyball,https://dks.scene7.com/is/image/dkscdn/20WILUPTXVPTRRPLCVLL_Yellow_Black_is/?$DSG_ProductCard$,$24.99 ,null
Mikasa MGV500 Heavy Weight Setter Training Volleyball,https://dks.scene7.com/is/image/dkscdn/16MIKUSTTRTRNNGBLVLL_is/?$DSG_ProductCard$,$49.99 ,null
Nike Women's Zoom HyperAce 2 Volleyball Shoes,https://dks.scene7.com/is/image/dkscdn/18NIKWZMHYPRC2XXXFTW_Black_White_is/?$DSG_ProductCard$,$114.99 ,TopSeller
Nike Essential Ball Pump,https://dks.scene7.com/is/image/dkscdn/18NIKUSSNTLBLLPMPGAA_Dp_Ryl_Bl_Nt_Mrn_Bycl_Ylw_is/?$DSG_ProductCard$,$12.00 ,null
Champion Soft-Eeze Volleyball Set,https://dks.scene7.com/is/image/dkscdn/16CPSURHNSFTZVLLYVLL_is/?$DSG_ProductCard$,$115.99 ,null
Molten Elite Beach Volleyball,https://dks.scene7.com/is/image/dkscdn/16MOLUMLTNBCHVLLYVLL_Red_White_Blue_is/?$DSG_ProductCard$,$49.99 ,null
Baden Perfection Elite Series Indoor Volleyball,https://dks.scene7.com/is/image/dkscdn/16BDNUPRFCTNLTWHTVLL_Orange_White_Black_is/?$DSG_ProductCard$,$59.99 ,null
adidas Women's Crazyflight Mid Volleyball Shoes,https://dks.scene7.com/is/image/dkscdn/20ADIWCRZTFLGHTMDFTW_Black_White_is/?$DSG_ProductCard$,$139.99 ,null
Tandem Volleyball Training Tower,https://dks.scene7.com/is/image/dkscdn/16TANUTRNNGTWRXXXVLL_is/?$DSG_ProductCard$,$720.00 ,null
Mizuno Women's Wave Supersonic Volleyball Shoes,https://dks.scene7.com/is/image/dkscdn/18MIZWWVSPRSNCXXXFTW_Black_Silver_is/?$DSG_ProductCard$,See Price In Cart,null
Tandem Volleyball Net Zone Training System,https://dks.scene7.com/is/image/dkscdn/16TANUTNDMNTZNSYSVLL_is/?$DSG_ProductCard$,$149.99 ,null
Mikasa King of the Beach Pro Game Ball Volleyball,https://dks.scene7.com/is/image/dkscdn/20MIKUKNGFTHBCHGMVLL_Black_White_is/?$DSG_ProductCard$,$49.99 ,NewArrivals
Under Armour Women's Team Shorty Volleyball Shorts,https://dks.scene7.com/is/image/dkscdn/20UARWTMSHRTY4NXXAPB_Midnight_Navy_is/?$DSG_ProductCard$,$30.00 ,NewArrivals
Tachikara SV18S Indoor Volleyball,https://dks.scene7.com/is/image/dkscdn/16TACUTCHKRSV18SCVLL_Black_Red_is/?$DSG_ProductCard$,$29.99 ,null
Baden Match Point Neon Indoor/Outdoor Volleyball,https://dks.scene7.com/is/image/dkscdn/16BDNUMTCHPNTXXXXVLL_Blue_Yellow_is/?$DSG_ProductCard$,$14.99 ,null
DSG Solana Indoor/Outdoor Volleyball,https://dks.scene7.com/is/image/dkscdn/19QYFUDSGSLNVLLYBVLLA_No_Color_is/?$DSG_ProductCard$,$14.99 ,DicksExclusive
Tandem Pass Rite Volleyball Trainer,https://dks.scene7.com/is/image/dkscdn/16TANUPSSRTXXXXXXVLL_is/?$DSG_ProductCard$,null,null
Mikasa King of the Beach Replica Volleyball,https://dks.scene7.com/is/image/dkscdn/20MIKUKNGFTHBCHRPVLL_Black_White_is/?$DSG_ProductCard$,$24.99 ,NewArrivals
Mizuno Women's Cyclone Speed 2 Volleyball Shoes,https://dks.scene7.com/is/image/dkscdn/19MIZWCYCLNSPD2WHFTW_Black_Silver_is/?$DSG_ProductCard$,See Price In Cart,null
Nike Streak Volleyball Knee Pads,https://dks.scene7.com/is/image/dkscdn/16NIKANKSTRKVLLYBVLL_White_is/?$DSG_ProductCard$,$24.99 ,TopSeller
Mikasa VUL500 Youth Starter Lightweight Volleyball,https://dks.scene7.com/is/image/dkscdn/16MIKYLGHTWGHTTRNVLL_White_is/?$DSG_ProductCard$,$39.99 ,null
Molten Youth VBU12 Indoor Volleyball,https://dks.scene7.com/is/image/dkscdn/16MOLYMLTNVB12YTHVLL_Black_White_Aqua_is/?$DSG_ProductCard$,$34.99 ,null
Mizuno Women's Wave Lightning Z3 Volleyball Shoes,https://dks.scene7.com/is/image/dkscdn/17MIZWWVLGHTNNGZ3VLL_Black_Silver_is/?$DSG_ProductCard$,null,null
Baden MatchPoint Indoor/Outdoor Volleyball,https://dks.scene7.com/is/image/dkscdn/16BDNUMTCHPNTTDRXVLL_Red_White_Blue_is/?$DSG_ProductCard$,$14.99 ,null
Lifetime 3 Pack Inflation Needles,https://dks.scene7.com/is/image/dkscdn/16LIFU3PCKNDLSXXXGAA_is/?$DSG_ProductCard$,$2.49 ,null
Baden Match Point Texas Indoor/Outdoor Volleyball,https://dks.scene7.com/is/image/dkscdn/17BDNUTXSVBXXXXXXVLL_Red_White_Blue_is/?$DSG_ProductCard$,$15.99 ,null
Baden Ball Bag,https://dks.scene7.com/is/image/dkscdn/16BDNUBLLBGHLDS18BKA_is/?$DSG_ProductCard$,$29.99 ,null
Nike Hypervolley 18P Outdoor Volleyball,https://dks.scene7.com/is/image/dkscdn/20NIKUNKHYPRVLLY1VLL_Anthracite_Volt_Black_is/?$DSG_ProductCard$,$25.00 ,null
Mizuno Women's Wave Luminous Volleyball Shoes,https://dks.scene7.com/is/image/dkscdn/19MIZWWVLMNSWHTSLFTW_Black_White_is/?$DSG_ProductCard$,See Price In Cart,null
Champion Rhino Skin Volleyball Set,https://dks.scene7.com/is/image/dkscdn/16CPSURHNSKNVLLYBVLL_is/?$DSG_ProductCard$,$164.99 ,null
Baden Skilcoach Lightweight Oversized Training Volleyball,https://dks.scene7.com/is/image/dkscdn/16BDNUSKLLCCHVRSZVLL_Red_White_is/?$DSG_ProductCard$,$19.99 ,null
Baden Match Point Paint Recreational Volleyball,https://dks.scene7.com/is/image/dkscdn/19BDNAMTCHPNTPNTNVLL_Neon_Green_Blue_is/?$DSG_ProductCard$,$14.99 ,null
Tachikara VX2 SofTec Indoor/Outdoor Volleyball,https://dks.scene7.com/is/image/dkscdn/16TACUSFTTCVX2VLLVLL_Black_Scarlet_is/?$DSG_ProductCard$,$17.99 ,null
Baden Lexum Microfiber Indoor Volleyball,https://dks.scene7.com/is/image/dkscdn/15BDNULXMCMPSTBLLVLL_Navy_Gray_White_is/?$DSG_ProductCard$,$39.99 ,null
Nike Women's Court HyperSpeed Volleyball Shoes,https://dks.scene7.com/is/image/dkscdn/20NIKWHYPRSPDCRTBFTW_Black_White_is/?$DSG_ProductCard$,$79.99 ,NewArrivals
Under Armour Women's Highlight Ace Volleyball Shoes,https://dks.scene7.com/is/image/dkscdn/20UARWHGHLGHTC20WFTW_White_Black_is/?$DSG_ProductCard$,$124.99 ,NewArrivals
adidas Adult Primeknit Volleyball Knee Pads,https://dks.scene7.com/is/image/dkscdn/20ADIADDSPRMKNTKPVLL_Black_is/?$DSG_ProductCard$,$40.00 ,null
Mizuno Women's Wave Momentum Volleyball Shoes,https://dks.scene7.com/is/image/dkscdn/19MIZWWVMMNTMWHTBFTW_Black_Silver_is/?$DSG_ProductCard$,$139.99 ,NewArrivals
Porter Powr Volleyball Transport System,https://dks.scene7.com/is/image/dkscdn/16PORUPWRVBTRNSPRVLL_is/?$DSG_ProductCard$,$517.99 ,null
Tandem Locking Ball Cage,https://dks.scene7.com/is/image/dkscdn/16TANULCKNGBLLCGXVLL_is/?$DSG_ProductCard$,$315.00 ,null
Mizuno DXS2 Ankle Brace,https://dks.scene7.com/is/image/dkscdn/18MIZULFTDXS2NKLBVLL_is/?$DSG_ProductCard$,$39.99 ,null
Tandem Officials Amenity Bag,https://dks.scene7.com/is/image/dkscdn/16TANUFFCLSMNTYKTVLL_is/?$DSG_ProductCard$,$12.99 ,null
Tandem Volleyball Training Cones Set - 20 Pack,https://dks.scene7.com/is/image/dkscdn/16TANUTNDMTRNNGCNVLL_is/?$DSG_ProductCard$,$24.99 ,null
adidas Women's 4” Volleyball Shorts,https://dks.scene7.com/is/image/dkscdn/18ADIW4NCHSHRTTGHVLL_Black_is/?$DSG_ProductCard$,$30.00 ,null
Tandem Volleyball Headbands - 3 Pack,https://dks.scene7.com/is/image/dkscdn/16TANU3PCKVLLYBLLVLL_Multi_is/?$DSG_ProductCard$,$6.99 ,null
Mikasa BCSPSH Classic Volleyball Cart,https://dks.scene7.com/is/image/dkscdn/16MIKUCLSSCBLLCRTVLL_Red_is/?$DSG_ProductCard$,$149.99 ,null
Tandem Collapsible Volleyball Net Antennae,https://dks.scene7.com/is/image/dkscdn/16TANUCLLPSBLVLLYVLL_is/?$DSG_ProductCard$,$79.99 ,null
Mizuno Women's Wave Bolt 7 Volleyball Shoes,https://dks.scene7.com/is/image/dkscdn/18MIZWWVBLT7XXXXXFTW_Black_Silver_is/?$DSG_ProductCard$,null,null
Tandem Deluxe Score Flipper with Handle,https://dks.scene7.com/is/image/dkscdn/16TANUTNDMFLPSCRXVLL_is/?$DSG_ProductCard$,$49.99 ,null
Tandem Volleyball Ball Bag,https://dks.scene7.com/is/image/dkscdn/17TANUVLLYBLLBLLBVLL_is/?$DSG_ProductCard$,$9.99 ,null
Tandem Volleyball Dual Rotation Locator,https://dks.scene7.com/is/image/dkscdn/16TANUDLRTTNLCTRXVLL_is/?$DSG_ProductCard$,$9.99 ,null
Tandem Portable Volleyball Equipment Carrier,https://dks.scene7.com/is/image/dkscdn/16TANUPRTBLVLLYBLVLL_is/?$DSG_ProductCard$,$649.99 ,null
Harrow Custom Elite Sports Duffle,https://dks.scene7.com/is/image/dkscdn/16HRWUCSTMLTDFFLXLXA_Custom_is/?$DSG_ProductCard$,$89.99 ,CustomizeIt
Tandem Pea-Less Whistle with Lanyard,https://dks.scene7.com/is/image/dkscdn/16TANUPLSSWHSTLNDVLL_is/?$DSG_ProductCard$,$3.99 ,null
DICK'S Sporting Goods Travel Ball Pump,https://dks.scene7.com/is/image/dkscdn/18DSGUDCKSTRVLPMPGAA_is/?$DSG_ProductCard$,$9.99 ,DicksExclusive
ASICS Junior Ace Low Profile Volleyball Knee Pads,https://dks.scene7.com/is/image/dkscdn/16ASIYJRCLWPRFLXXVLL_Black_is/?$DSG_ProductCard$,$19.99 ,null
Asics Adult Gel Conform II Volleyball Knee Pads,https://dks.scene7.com/is/image/dkscdn/19ASIUSCSGLCNFRMKVLL_Black_is/?$DSG_ProductCard$,$24.99 ,null
Mizuno Women's Wave Supersonic 2 Volleyball Shoes,https://dks.scene7.com/is/image/dkscdn/20MIZWWVSPRSNC2WHFTW_Black_Grey_is/?$DSG_ProductCard$,$84.99 ,NewArrivals
Tachikara Porta-Score Scoreboard,https://dks.scene7.com/is/image/dkscdn/16TACUTCHKRPRTSCRVLL_is/?$DSG_ProductCard$,$32.99 ,null
Tandem Vertical Challenger,https://dks.scene7.com/is/image/dkscdn/16TANUVRTCLCHLLNGVLL_is/?$DSG_ProductCard$,$399.00 ,null
Tandem Elite Official's Kit,https://dks.scene7.com/is/image/dkscdn/16TANUFFCLSLTKTXXVLL_is/?$DSG_ProductCard$,$49.99 ,null
Copper Fit Pro Series Ankle Sleeve,https://dks.scene7.com/is/image/dkscdn/16COFUCPPRFTPRSRSSPM_Black_is/?$DSG_ProductCard$,$19.99 ,null
Tandem Volleyball Official Flip Coin,https://dks.scene7.com/is/image/dkscdn/19TANUVLLYBLLFLPCVLL_is/?$DSG_ProductCard$,$5.99 ,null
Porter Free Standing Volleyball Judge Stand,https://dks.scene7.com/is/image/dkscdn/16PORUFRSTNDNGJDGVLL_is/?$DSG_ProductCard$,$677.99 ,null
Tachikara WB2000 The Equalizer Competition Wallyball,https://dks.scene7.com/is/image/dkscdn/16TACUWB2000QLZRWVLL_Blue_White_is/?$DSG_ProductCard$,$19.99 ,null
adidas Women's Court Team Bounce Volleyball Shoes,https://dks.scene7.com/is/image/dkscdn/20ADIWCRTTMBNCBLKFTW_Black_Silver_is/?$DSG_ProductCard$,$89.99 ,null
Mizuno Women's Elevated 4” Volleyball Shorts,https://dks.scene7.com/is/image/dkscdn/19MIZWLVTD4NCHSHRVLL_Shade_is/?$DSG_ProductCard$,$34.99 ,null
Baden Game Day Bag,https://dks.scene7.com/is/image/dkscdn/16BDNUGMDYBGHLDS6BKA_is/?$DSG_ProductCard$,$27.99 ,null
Zamst A1 Ankle Brace,https://dks.scene7.com/is/image/dkscdn/15ZAMU1RGHTXXXXXXSPM_Black_is/?$DSG_ProductCard$,$49.99 ,null
Tandem Deluxe Linesman Flags,https://dks.scene7.com/is/image/dkscdn/16TANULNSMNFLGSDLVLL_is/?$DSG_ProductCard$,$39.99 ,null
Porter Volleyball Flip Scoreboard,https://dks.scene7.com/is/image/dkscdn/16PORUVLLYBLLFLPSVLL_is/?$DSG_ProductCard$,$41.99 ,null
Harrow Custom Havoc Sports Backpack,https://dks.scene7.com/is/image/dkscdn/16HRWUCSTMHVCXXXXLXA_Custom_is/?$DSG_ProductCard$,$89.99 ,CustomizeIt
Under Armour Adult Strive 2.0 Volleyball Knee Pads,https://dks.scene7.com/is/image/dkscdn/17UARUSTRV20KPXXXVLL_Black_White_is/?$DSG_ProductCard$,$29.99 ,null
Tandem Volleyball Passing Sleeves,https://dks.scene7.com/is/image/dkscdn/15TANUPSSNGSLVSLRVLL_is/?$DSG_ProductCard$,$19.99 ,null
adidas Women's Crazyflight Bounce 3 Volleyball Shoes,https://dks.scene7.com/is/image/dkscdn/19ADIWCRZYFLGHTBNFTW_Black_Gum_is/?$DSG_ProductCard$,$109.99 ,null
Mizuno Volleyball Arm Sleeves,https://dks.scene7.com/is/image/dkscdn/18MIZURMSLVSXXXXXVLL_Navy_is/?$DSG_ProductCard$,$24.99 ,null
Franklin Inflatable Ball Maintenance Kit,https://dks.scene7.com/is/image/dkscdn/17FRAUBLLMNTNNCKTGAA_is/?$DSG_ProductCard$,$11.99 ,null
Tandem 3-Digit Score Flipper,https://dks.scene7.com/is/image/dkscdn/16TANUSCRFLPPR3DGVLL_is/?$DSG_ProductCard$,$65.99 ,null
Tandem Volleyball Officials' Bag,https://dks.scene7.com/is/image/dkscdn/19TANUVLLYBLLFFCLVLL_is/?$DSG_ProductCard$,$19.99 ,null
Tachikara PV-NET Professional Volleyball Net,https://dks.scene7.com/is/image/dkscdn/16TACUPRFSSNLVLLYVLL_is/?$DSG_ProductCard$,$179.99 ,null
Tandem Clamp Volleyball Net Antennae,https://dks.scene7.com/is/image/dkscdn/16TANUCLMPVLLYBLLVLL_is/?$DSG_ProductCard$,$99.00 ,null
Bauerfeind Sports Ankle Support,https://dks.scene7.com/is/image/dkscdn/16BA2USPRTSNKLSPPSPM_Blue_is/?$DSG_ProductCard$,$69.99 ,null
Jordan Essential Ball Pump,https://dks.scene7.com/is/image/dkscdn/18NIKUJRDNSSNTLBLGAA_is/?$DSG_ProductCard$,$12.00 ,null
Tandem Volleyball Elbow Pads,https://dks.scene7.com/is/image/dkscdn/17TANUVLLYBLLLBWPVLL_Black_is/?$DSG_ProductCard$,$16.99 ,null
Tandem Wall Mounted Vertical Challenger,https://dks.scene7.com/is/image/dkscdn/16TANUWLLMNTDVRTCVLL_is/?$DSG_ProductCard$,$398.99 ,null
Shock Doctor Ultra Knit Ankle Brace with Figure-6 Strap,https://dks.scene7.com/is/image/dkscdn/16SKRULTKNTNKLBRCSPM_Black_is/?$DSG_ProductCard$,$44.99 - $49.99,null
Nike Ball Pump,https://dks.scene7.com/is/image/dkscdn/17NIKUNKBLLPMPWHBGAA_Volt_Black_is/?$DSG_ProductCard$,$10.00 ,null
Mikasa Hammock Style Volleyball Cart,https://dks.scene7.com/is/image/dkscdn/16MIKUHMMCKBLLCRTVLL_Maroon_is/?$DSG_ProductCard$,$149.99 ,null
Wilson Junior Reversible Premium Volleyball Knee Pads,https://dks.scene7.com/is/image/dkscdn/16WILYJRRVRSBLPRMVLL_Black_White_is/?$DSG_ProductCard$,$19.99 ,null
Tachikara Ball Inflation Kit,https://dks.scene7.com/is/image/dkscdn/16TACUTCHKRKTBLLNVLL_is/?$DSG_ProductCard$,$11.99 ,null
adidas Women's Crazyflight USAV Volleyball Shoes,https://dks.scene7.com/is/image/dkscdn/19ADIWCRZYFLGHTSVFTW_Navy_Red_White_is/?$DSG_ProductCard$,$139.99 ,null
Mizuno Women's Triumph Volleyball Headbands,https://dks.scene7.com/is/image/dkscdn/16MIZWTRMPHHDBNDSVLL_Grey_Yellow_is/?$DSG_ProductCard$,null,null
"Mizuno Women's 4"" Vortex Volleyball Shorts",https://dks.scene7.com/is/image/dkscdn/16MIZW4NVRTXSHRTXVLL_Burgundy_is/?$DSG_ProductCard$,$24.99 ,null
Tandem Pink Volleyball Linesman Flags,https://dks.scene7.com/is/image/dkscdn/16TANUPNKLNSMNFLGVLL_is/?$DSG_ProductCard$,$24.99 ,null
CoachDeck Instructional Volleyball Drill Cards,https://dks.scene7.com/is/image/dkscdn/19CDKUVLLYBLLDRLLVLL_is/?$DSG_ProductCard$,$19.95 ,null
Champion Portable Ball Locker,https://dks.scene7.com/is/image/dkscdn/16CPSUPSCHBLLCRTXOTA_is/?$DSG_ProductCard$,$259.99 ,null
Mizuno T-10 Plus Volleyball Knee Pads,https://dks.scene7.com/is/image/dkscdn/16MIZAT10PLSKNPDXVLL_White_is/?$DSG_ProductCard$,$19.99 ,null
Mizuno Women's Core Beach Volleyball Performance Wrap,https://dks.scene7.com/is/image/dkscdn/16MIZWCRBCHPRFRMNVLL_Diva_Blue_is/?$DSG_ProductCard$,$24.99 ,null
Tandem Coach's Deluxe Volleyball Clipboard,https://dks.scene7.com/is/image/dkscdn/16TANUCCHSDLXVBLLVLL_is/?$DSG_ProductCard$,null,null
Tandem Volleyball Lanyard,https://dks.scene7.com/is/image/dkscdn/17TANUVLLYBLLLNYRVLL_is/?$DSG_ProductCard$,$4.99 ,null
Tandem Volleyball Pea-Less Whistle and Lanyard,https://dks.scene7.com/is/image/dkscdn/16TANUPLSSWHSTLNDVLLX_is/?$DSG_ProductCard$,$4.99 ,null
Champion VN100 Volleyball Net,https://dks.scene7.com/is/image/dkscdn/16CPSUPSCH26MMVBNVLL_is/?$DSG_ProductCard$,$69.99 ,null
Tandem 3-Tier Ball Rack,https://dks.scene7.com/is/image/dkscdn/16TANU3TRBLLRCKXXVLL_is/?$DSG_ProductCard$,$82.00 ,null
Tandem Volleyball Mesh Ball Bag,https://dks.scene7.com/is/image/dkscdn/16TANUMSHBLLBGXXXVLL_is/?$DSG_ProductCard$,$15.99 ,null
Tachikara VB-ANT Volleyball Net Antennas,https://dks.scene7.com/is/image/dkscdn/16TACUFBRGSSLVBLLVLL_is/?$DSG_ProductCard$,$99.99 ,null
McDavid 195 Ankle Brace w/ Straps,https://dks.scene7.com/is/image/dkscdn/16MCVULTRLTLCPNKLSPM_Black_is/?$DSG_ProductCard$,$33.99 ,null
Porter Power Volleyball Net,https://dks.scene7.com/is/image/dkscdn/16PORUPWRVLLYBLLNVLL_is/?$DSG_ProductCard$,$199.99 ,null
Porter Volleyball Cart,https://dks.scene7.com/is/image/dkscdn/16PORUVLLYBLLBLLCOTA_is/?$DSG_ProductCard$,$163.99 ,null
Mizuno Women's Wave Lightning Z5 Volleyball Shoes,https://dks.scene7.com/is/image/dkscdn/19MIZWWVLGHTNNGZ5FTW_Black_Red_is/?$DSG_ProductCard$,See Price In Cart,null
Mizuno Women's Volleyball Elbow Pads,https://dks.scene7.com/is/image/dkscdn/19MIZULBWPDSXXXXXVLL_Navy_is/?$DSG_ProductCard$,$29.99 ,null
ASICS Women's 2.5” Low Cut Compression Shorts,https://dks.scene7.com/is/image/dkscdn/16ASIW25NLWCTCMPSVLL_Navy_is/?$DSG_ProductCard$,null,null
Pro-Tec Achilles Tendon Support,https://dks.scene7.com/is/image/dkscdn/16POEUCHLLSTNDNSPSPM_Black_is/?$DSG_ProductCard$,$24.99 ,null
Tandem Volleyball Officials Penalty Cards,https://dks.scene7.com/is/image/dkscdn/16TANUFFCLSPNLTYCVLL_is/?$DSG_ProductCard$,$4.99 ,null
Mizuno Women's Wave Lightning Z5 Mid Volleyball Shoes,https://dks.scene7.com/is/image/dkscdn/19MIZWWVLGHTNNGZ5FTWA_White_is/?$DSG_ProductCard$,$124.99 ,null
Tandem Officials' Starter Kit,https://dks.scene7.com/is/image/dkscdn/16TANUFFCLSSTRTRKVLL_is/?$DSG_ProductCard$,$25.99 ,null
Mizuno LR6 Highlighter Volleyball Knee Pads,https://dks.scene7.com/is/image/dkscdn/16MIZALR6HGHLGHTRVLL_Black_Orange_is/?$DSG_ProductCard$,$29.99 ,null
Champion BLX Lockable Ball Storage,https://dks.scene7.com/is/image/dkscdn/16CPSUSTLLCKBLBLLVLL_is/?$DSG_ProductCard$,$295.99 ,null
Champion LHX Ball Storage Locker,https://dks.scene7.com/is/image/dkscdn/16CPSUHLFSZLCKBLBVLL_is/?$DSG_ProductCard$,$215.99 ,null
Mizuno Ventus Volleyball Knee Pads,https://dks.scene7.com/is/image/dkscdn/17MIZUVNTSKNPDXXXVLL_White_is/?$DSG_ProductCard$,$34.99 ,null
Adidas Youth 4 Inch Short Volleyball Tights,https://dks.scene7.com/is/image/dkscdn/19ADIGDDSYTH4NSHRVLL_Black_is/?$DSG_ProductCard$,$25.00 ,null
Tandem Volleyball Linesman Flags,https://dks.scene7.com/is/image/dkscdn/16TANULNSMNFLGSLDVLL_is/?$DSG_ProductCard$,$14.99 ,null
ASICS Women's Gel-Tactic 2 Volleyball Shoes,https://dks.scene7.com/is/image/dkscdn/17ASIWGLTCTC2XXXXVLL_Grey_is/?$DSG_ProductCard$,$79.99 - $99.99,null
Under Armour Adult 2.0 Volleyball Knee Pads,https://dks.scene7.com/is/image/dkscdn/16UARURMR20KPXXXXVLL_Black_White_is/?$DSG_ProductCard$,$24.99 ,null
adidas Adult 5” Volleyball Knee Pads,https://dks.scene7.com/is/image/dkscdn/18ADIM5NCHKNPDSXXVLL_Black_White_is/?$DSG_ProductCard$,$25.00 ,null
Mizuno Women's Jogger Pants,https://dks.scene7.com/is/image/dkscdn/18MIZAJGGRPNTXXXXVLL_Charcoal_is/?$DSG_ProductCard$,$41.99 ,null
Mizuno Women's Align Long Volleyball Pants,https://dks.scene7.com/is/image/dkscdn/18MIZALGNLNGVLLYBVLL_Charcoal_is/?$DSG_ProductCard$,$45.99 ,null
Tandem Volleyball Agility Ladder,https://dks.scene7.com/is/image/dkscdn/16TANUTNDMGLTYLDDVLL_is/?$DSG_ProductCard$,$39.99 ,null
Spalding Jump Strength Training Aid,https://dks.scene7.com/is/image/dkscdn/16SPLUJMPSTRNGTHTBKA_is/?$DSG_ProductCard$,$49.99 ,null
ASICS Ace Low Profile Volleyball Knee Pads,https://dks.scene7.com/is/image/dkscdn/16ASIACLWPRFLXXXXVLL_Black_is/?$DSG_ProductCard$,$21.99 ,null
Classic Sport Adult Knee Pads,https://dks.scene7.com/is/image/dkscdn/16CLSACLSSCSPRTVBVLL_White_is/?$DSG_ProductCard$,$8.97 - $14.99,DicksExclusive
Tachikara BC-HAM Volleyball Cart,https://dks.scene7.com/is/image/dkscdn/16TACUCLLPSBLHMMCVLL_Navy_is/?$DSG_ProductCard$,$159.99 ,null
Tandem Colossal Ball Cart,https://dks.scene7.com/is/image/dkscdn/16TANUCLSSLBLLCRTVLL_is/?$DSG_ProductCard$,$174.99 ,null
Mizuno Adult Elite 9 SL2 Volleyball Knee Pads,https://dks.scene7.com/is/image/dkscdn/16MIZALT9SL2KNPDXVLL_White_is/?$DSG_ProductCard$,$21.99 ,null
"Mizuno Atlanta Cover Up 3.5"" Volleyball Shorts",https://dks.scene7.com/is/image/dkscdn/18MIZATLNTCVRPVLLVLL_Charcoal_Diva_Blue_is/?$DSG_ProductCard$,$27.99 ,null
ASICS Competition 2.0 Volleyball Knee Pads,https://dks.scene7.com/is/image/dkscdn/16ASIACMPTTN20XXXVLL_Black_is/?$DSG_ProductCard$,$23.99 ,null
Active Ankle PowerLacer Brace,https://dks.scene7.com/is/image/dkscdn/16CMRACRMRCTVNKLPSPM_Black_is/?$DSG_ProductCard$,$49.99 ,null
Bauerfeind MalleoTrain Active Ankle Support,https://dks.scene7.com/is/image/dkscdn/15BA2UMLLTRNCTVLFSPM_is/?$DSG_ProductCard$,$99.99 ,null
Tandem Volleyball Lanyard,https://dks.scene7.com/is/image/dkscdn/19TANWVLLYBLLLNYRVLL_is/?$DSG_ProductCard$,$4.99 ,null
Tandem Skids Palm Protectors,https://dks.scene7.com/is/image/dkscdn/15TANUSKDSPLMPRTCVLL_is/?$DSG_ProductCard$,$15.99 ,null
Tandem Precise Height Volleyball Net Stick,https://dks.scene7.com/is/image/dkscdn/16TANUPRCSHGHTVBNVLL_is/?$DSG_ProductCard$,$36.99 ,null
Tachikara Wallyball Concrete Net Anchors,https://dks.scene7.com/is/image/dkscdn/16TACUTCHKRWLLYBLVLLX_is/?$DSG_ProductCard$,$9.99 ,null
Tandem Joust Beach Skins Volleyball Footwear,https://dks.scene7.com/is/image/dkscdn/19FDDUBCHSKNSXXXXVLL_Black_is/?$DSG_ProductCard$,$29.99 ,null
Champion Folding Volleyball Cart,https://dks.scene7.com/is/image/dkscdn/16CPSUPSCHFLDNGBLVLL_is/?$DSG_ProductCard$,$145.99 ,null
Tandem Volleyball Rotation Locator,https://dks.scene7.com/is/image/dkscdn/16TANURTTNLCTRXXXVLL_is/?$DSG_ProductCard$,$9.99 ,null
ASICS Women's Sky Elite FF Mid Top Volleyball Shoes,https://dks.scene7.com/is/image/dkscdn/19ASIWSKYLTFFMTWHFTW_White_Gold_is/?$DSG_ProductCard$,null,null
adidas Elite Volleyball Knee Pads,https://dks.scene7.com/is/image/dkscdn/18ADIULTKNPDSXXXXVLL_Black_White_is/?$DSG_ProductCard$,$30.00 ,null
ASICS Women's Gel-Tactic Volleyball Shoes,https://dks.scene7.com/is/image/dkscdn/19ASIWGLTCTCWHTGLFTW_White_Gold_is/?$DSG_ProductCard$,See Price In Cart,null
Tandem 4-Tier Ball Rack,https://dks.scene7.com/is/image/dkscdn/16TANU4TRBLLRCKXXVLL_is/?$DSG_ProductCard$,$96.00 ,null
Harrow Custom Elite Sports Backpack,https://dks.scene7.com/is/image/dkscdn/16HRWUCSTMLTBCKPCLXA_Custom_is/?$DSG_ProductCard$,$84.99 ,CustomizeIt
Franklin Perfect Pump & Pressure Gauge,https://dks.scene7.com/is/image/dkscdn/16FRAUFRNKLNPMPNDGAA_is/?$DSG_ProductCard$,$14.99 ,null
"Mizuno Youth Atlanta Cover Up 3"" Volleyball Shorts",https://dks.scene7.com/is/image/dkscdn/18MIZYYTHTLNTCVRPVLL_Charcoal_Diva_Blue_is/?$DSG_ProductCard$,$27.99 ,null
Tandem Volleyball Spike Challenger,https://dks.scene7.com/is/image/dkscdn/16TANUSPKCHLLNGRXVLL_is/?$DSG_ProductCard$,$699.00 ,null
G-Form Adult Envy Volleyball Knee Pads,https://dks.scene7.com/is/image/dkscdn/20IFWANVYVLLYBLLKVLL_White_is/?$DSG_ProductCard$,$29.99 ,null
adidas Women's Crazyflight Volleyball Shoes,https://dks.scene7.com/is/image/dkscdn/19ADIWCRZYFLGHTSKFTW_Sky_Coral_is/?$DSG_ProductCard$,$129.99 ,null
Mizuno Women's Elite 9 Dynamic Cover Up Volleyball Shorts,https://dks.scene7.com/is/image/dkscdn/16MIZWDYNMCCVRPSHVLL_Navy_Grey_is/?$DSG_ProductCard$,$27.99 ,null
Nike Youth Streak Volleyball Knee Pads,https://dks.scene7.com/is/image/dkscdn/18NIKYYTHNKSTRKKNVLL_Black_is/?$DSG_ProductCard$,$24.99 ,null
Tandem Volleyball Drill Cart,https://dks.scene7.com/is/image/dkscdn/16TANUVLLYBLLDRLLVLL_is/?$DSG_ProductCard$,$148.00 ,null
ASICS Competition 4.0 G Volleyball Kneepads,https://dks.scene7.com/is/image/dkscdn/16ASIACMPTTN40GXXVLL_White_is/?$DSG_ProductCard$,$28.00 ,null
Mizuno Women's Apex 2.5” Volleyball Shorts,https://dks.scene7.com/is/image/dkscdn/19MIZWPX25NCHSHRTVLL_Shade_is/?$DSG_ProductCard$,$31.99 ,null
Champion 2.6 mm Volleyball Net,https://dks.scene7.com/is/image/dkscdn/16CPSU26MMVLLYBLLVLL_is/?$DSG_ProductCard$,$55.99 ,null
Bestway PowerGrip Air Pump,https://dks.scene7.com/is/image/dkscdn/20XUKUPWRGRPRPMPXWSR_is/?$DSG_ProductCard$,$24.99 ,NewArrivals
Mizuno Women's 4.5'' Training Volleyball Shorts,https://dks.scene7.com/is/image/dkscdn/16MIZWTRNNGSHRTWMVLL_Navy_Grey_is/?$DSG_ProductCard$,$27.99 ,null
Champion LFX Ball Storage Locker,https://dks.scene7.com/is/image/dkscdn/16CPSU24BLLLCKBLBOTA_is/?$DSG_ProductCard$,$305.99 ,null
Tandem Elite Volleyball Linesman Flags,https://dks.scene7.com/is/image/dkscdn/16TANULNSMNFLGSLTVLL_is/?$DSG_ProductCard$,$37.99 ,null
Tandem 2-Digit Score Flipper,https://dks.scene7.com/is/image/dkscdn/16TANUSCRFLPPR2DGVLL_is/?$DSG_ProductCard$,$47.99 ,null
Mizuno Women's Wave Lightning Z6 Volleyball Shoes,https://dks.scene7.com/is/image/dkscdn/20MIZWWVLGHTNNGZ6FTW_Whte_Navy_is/?$DSG_ProductCard$,$119.99 ,null
Mizuno Women's Wave Lightning Z6 Mid Volleyball Shoes,https://dks.scene7.com/is/image/dkscdn/20MIZWWVLGHTNNGZ6FTWA_White_is/?$DSG_ProductCard$,$124.99 ,null
Mizuno Women's Wave Tornado X Volleyball Shoes,https://dks.scene7.com/is/image/dkscdn/16MIZWWVTRNDXBLKNVLL_Black_Silver_is/?$DSG_ProductCard$,$139.99 ,null
Tandem Volleyball Portable Scoreboard and Possession Arrows,https://dks.scene7.com/is/image/dkscdn/16TANUPRTSCRBRDWPVLL_is/?$DSG_ProductCard$,$49.99 ,null
Tachikara Game Plan Dry Erase Clipboard,https://dks.scene7.com/is/image/dkscdn/16TACUGMPLNDRYRSCVLL_is/?$DSG_ProductCard$,$19.99 ,null
Asics Youth Gel Conform II Volleyball Knee Pads,https://dks.scene7.com/is/image/dkscdn/19ASIYGLCNFRMKPYTVLL_White_is/?$DSG_ProductCard$,$21.99 ,null
Mizuno Youth 4” Vortex Volleyball Shorts,https://dks.scene7.com/is/image/dkscdn/16MIZGYTHVRTXSHRTVLL_Cardinal_is/?$DSG_ProductCard$,$24.99 ,null
ASICS Women's Sky Elite FF Volleyball Shoes,https://dks.scene7.com/is/image/dkscdn/19ASIWSKYLTFFWHTPFTW_White_Pink_is/?$DSG_ProductCard$,See Price In Cart,null
Fox 40 Classic Fox Whistle Lanyard,https://dks.scene7.com/is/image/dkscdn/16F40UCLSSCWHSTLWGAA_Black_is/?$DSG_ProductCard$,null,null
Tandem Volleyball Setter's Towel,https://dks.scene7.com/is/image/dkscdn/17TANUVLLYBLLSTTRVLL_is/?$DSG_ProductCard$,$7.99 ,null
Tandem Volleyball Spike Pal,https://dks.scene7.com/is/image/dkscdn/19TANUSPKPLXXXXXXVLL_is/?$DSG_ProductCard$,$24.99 ,null
Nike Ball Pump 3,https://dks.scene7.com/is/image/dkscdn/16NIKUNKBLLPMPXXXGAA_is/?$DSG_ProductCard$,$10.00 ,null
Porter Boundary Markers with Net Antenna,https://dks.scene7.com/is/image/dkscdn/16PORUBNDRYMRKRSWVLL_is/?$DSG_ProductCard$,$105.99 ,null
Nike Hyperspeed Ball Pump,https://dks.scene7.com/is/image/dkscdn/18NIKUHYPRSPDBLLPGAA_Black_Volt_is/?$DSG_ProductCard$,$20.00 ,null
Tandem Volleyball Cable Padding Set - 4 Pack,https://dks.scene7.com/is/image/dkscdn/16TANUTNDMCBLPDDNVLL_is/?$DSG_ProductCard$,$41.00 ,null
Mizuno Women's Mid Beach Volleyball Tights,https://dks.scene7.com/is/image/dkscdn/16MIZWLT9BCHMDTGHVLL_Navy_Heathered_Grey_is/?$DSG_ProductCard$,$35.99 ,null
adidas Women's USA Volleyball Top,https://dks.scene7.com/is/image/dkscdn/20ADIWWMNSSVBLTPXVLL_Blue_Blue_White_is/?$DSG_ProductCard$,$45.00 ,null
Porter Sidewinder Volleyball Net Storage System,https://dks.scene7.com/is/image/dkscdn/16PORUSDWNDRVBLLNOTA_is/?$DSG_ProductCard$,null,null
Tandem Volleyball Net Tension Straps,https://dks.scene7.com/is/image/dkscdn/16TANUVLRNTTNSNSTVLL_is/?$DSG_ProductCard$,$17.99 ,null
Tandem Single Net Storage Rack,https://dks.scene7.com/is/image/dkscdn/16TANUSNGLNTSTRGRVLL_is/?$DSG_ProductCard$,null,null
Tachikara CV-NET Regulation Net,https://dks.scene7.com/is/image/dkscdn/16TACUCMPTTNVLLYBVLL_is/?$DSG_ProductCard$,$124.99 ,null
adidas Women's USA Volleyball Jacket,https://dks.scene7.com/is/image/dkscdn/20ADIWSVWMNSJCKTXVLL_White_Navy_Red_is/?$DSG_ProductCard$,$100.00 ,null
adidas Women's USA Volleyball Tank Top,https://dks.scene7.com/is/image/dkscdn/19ADIWSVLLYBLLTNKVLL_Light_Grey_is/?$DSG_ProductCard$,$35.00 ,null
Tandem Volleyball Net Tensioning System,https://dks.scene7.com/is/image/dkscdn/16TANURPRTCHTTNSNVLL_is/?$DSG_ProductCard$,$29.99 ,null
adidas Women's Hilo Long Sleeve Solid Long Volleyball Jersey,https://dks.scene7.com/is/image/dkscdn/19ADIWHLJRSYLNGSLVLL_White_is/?$DSG_ProductCard$,$35.00 ,null
Porter Fair Height Volleyball Net Chain,https://dks.scene7.com/is/image/dkscdn/16PORUFRHGHTNTCHNVLL_is/?$DSG_ProductCard$,$9.99 ,null
NEOSPORT XSpan Low-Top 2mm Neoprene Socks,https://dks.scene7.com/is/image/dkscdn/16HNDA2MMLWTPNPRNWST_Black_is/?$DSG_ProductCard$,null,null
adidas Women's Alphaskin Short Volleyball Tights,https://dks.scene7.com/is/image/dkscdn/19ADIWLPHSKN4NCHSVLL_Team_Navy_Blue_White_is/?$DSG_ProductCard$,$30.00 ,null
Tandem Triple Net Storage Rack,https://dks.scene7.com/is/image/dkscdn/16TANUTRPLNTSTRGRVLL_is/?$DSG_ProductCard$,null,null
Champion Lockable Ball Storage Locker,https://dks.scene7.com/is/image/dkscdn/16CPSUPSCHLCKBLBLOTA_is/?$DSG_ProductCard$,$325.99 ,null
Tachikara REC-NET Recreational Volleyball Net,https://dks.scene7.com/is/image/dkscdn/16TACURCRTNLVLLYBVLL_is/?$DSG_ProductCard$,$74.99 ,null
Shock Doctor Ankle Stabilizer,https://dks.scene7.com/is/image/dkscdn/FA12SDANKBRCBLATSTBL_is/?$DSG_ProductCard$,$24.99 ,null
Tandem Net Setter with Carrying Pouch,https://dks.scene7.com/is/image/dkscdn/16TANUNTSTTRWTHCRVLL_is/?$DSG_ProductCard$,$12.99 ,null
adidas Men's USA Volleyball Warm-Up Jacket,https://dks.scene7.com/is/image/dkscdn/19ADIMSWRMPJCKTMNVLL_Team_Navy_Blue_White_Red_is/?$DSG_ProductCard$,$100.00 ,Extended Sizes
adidas Men's USA Volleyball T-Shirt,https://dks.scene7.com/is/image/dkscdn/20ADIMMNSSVTRDXXXVLL_Red_is/?$DSG_ProductCard$,$35.00 ,null
Mizuno Women's Align Volleyball Pants,https://dks.scene7.com/is/image/dkscdn/18MIZALGNVLLYBLLPVLL_Charcoal_is/?$DSG_ProductCard$,$45.99 ,null
adidas Men's USA Volleyball T-Shirt,https://dks.scene7.com/is/image/dkscdn/20ADIADDSSVTMXXXXVLL_Blue_White_is/?$DSG_ProductCard$,$35.00 ,null
adidas Women's USA Volleyball Aeroready ¼ Zip Jersey,https://dks.scene7.com/is/image/dkscdn/19ADIWS14ZPRRDYWMVLL_White_is/?$DSG_ProductCard$,$60.00 ,null
Adidas Women's HiLo Long Sleeve Jersey,https://dks.scene7.com/is/image/dkscdn/18ADIWHLLNGSLVJRSVLLA_Black_White_is/?$DSG_ProductCard$,$34.99 ,null
Under Armour Women's Breathelux Marble Sports Bra,https://dks.scene7.com/is/image/dkscdn/20UARWBRTHLXMRBLBAPU_Black_Enamel_Blue_is/?$DSG_ProductCard$,$65.00 ,null
Shock Doctor Adult Nano 3D Convertible Slim Fit Mouthguard,https://dks.scene7.com/is/image/dkscdn/16SKRANN3DCNVRTBLSPM_Pink_is/?$DSG_ProductCard$,null,null
Champion Deluxe Table Top Scorer,https://dks.scene7.com/is/image/dkscdn/16CPSUDLXTBLTPSCRBKA_is/?$DSG_ProductCard$,null,null
Mizuno Retro Crew Volleyball Sweatshirt,https://dks.scene7.com/is/image/dkscdn/18MIZARTRCRWVLLYBVLL_Hthr_Charcoal_Gry_Chrcoal_is/?$DSG_ProductCard$,$47.99 ,null
Mizuno Youth Volleyball Attack T-Shirt 2.0,https://dks.scene7.com/is/image/dkscdn/18MIZYYTHVLLYBLLTVLL_Charcoal_is/?$DSG_ProductCard$,$24.99 ,null
Mizuno Youth Align Volleyball Pants,https://dks.scene7.com/is/image/dkscdn/18MIZYYTHLGNVLLYBVLL_Charcoal_is/?$DSG_ProductCard$,$45.99 ,null
Glamorise Women's Underwire Sports Bra,https://dks.scene7.com/is/image/dkscdn/16GLAWHGHMPCTNDRWAPUA_Pink_Gray_is/?$DSG_ProductCard$,null,null
Tail Women's Antonia 3.5'' Tennis Compression Shorts,https://dks.scene7.com/is/image/dkscdn/17TAIWNTNCMPRSSNSBTT_White_is/?$DSG_ProductCard$,$39.00 ,null
Champion Women's Plus Size Motion Control Underwire Sports Bra,https://dks.scene7.com/is/image/dkscdn/20CHAWPLSMTNCNTRLWAA_Nude_is/?$DSG_ProductCard$,$50.00 ,null
Schutt Football Helmet Air Pump,https://dks.scene7.com/is/image/dkscdn/16SHUUHLMTRPMPXXXFTA_is/?$DSG_ProductCard$,$12.99 ,null
DICK'S Sporting Goods 7-Piece Inflation Kit,https://dks.scene7.com/is/image/dkscdn/16DSGU7PCBLLNFLTNGAA_is/?$DSG_ProductCard$,$11.99 ,DicksExclusive
Champion Women's Script Logo Absolute Workout Sports Bra,https://dks.scene7.com/is/image/dkscdn/20CHAWBSLTWRKTBRXWAAA_White_is/?$DSG_ProductCard$,$25.00 ,null
Nike Women's Dri-Fit Tomboy Volleyball Tank Top,https://dks.scene7.com/is/image/dkscdn/20NIKUDRFTTMBYTNKVLL_White_is/?$DSG_ProductCard$,$36.00 ,null
DonJoy Performance Bionic Ankle Brace,https://dks.scene7.com/is/image/dkscdn/15DJOUBNCLFTNKLBRSPM_Black_is/?$DSG_ProductCard$,$39.99 ,null
Tandem Double-Sided Locking Ball Cage,https://dks.scene7.com/is/image/dkscdn/16TANUDBLSDDLCKNGVLL_is/?$DSG_ProductCard$,$375.00 ,null
DonJoy Performance TriZone Ankle Brace,https://dks.scene7.com/is/image/dkscdn/16DJOUTRZNNKLBRCXSPM_Black_is/?$DSG_ProductCard$,$49.99 ,null
Roxy Women's Flying Kisses Medium Support Sports Bra,https://dks.scene7.com/is/image/dkscdn/20ROXWFLYNGKSSSBRTPS_Anthracite_White_is/?$DSG_ProductCard$,$45.00 ,NewArrivals
adidas Women's USA Volleyball Warm-Up Jacket,https://dks.scene7.com/is/image/dkscdn/19ADIWSWRMPJCKTWMVLL_Team_Navy_Blue_White_Red_is/?$DSG_ProductCard$,$100.00 ,null
Tandem 39” Competition Volleyball Net Cable,https://dks.scene7.com/is/image/dkscdn/16TANU39CMPTTNVBLVLLX_is/?$DSG_ProductCard$,null,null
Champion Economy Electric Inflating Pump,https://dks.scene7.com/is/image/dkscdn/16CPSUPSCHLCTRCNFGAA_is/?$DSG_ProductCard$,$139.99 ,null
adidas Women's USA Volleyball Replica T-Shirt,https://dks.scene7.com/is/image/dkscdn/20ADIWSVWMNSRPLCTVLL_White_Blue_Red_is/?$DSG_ProductCard$,$45.00 ,null
Mikasa M80 Electric Air Inflator,https://dks.scene7.com/is/image/dkscdn/16MIKUMKSLCTRCNFLVLL_is/?$DSG_ProductCard$,$159.99 ,null
NEOSPORT XSpan 1.5mm Swim Socks,https://dks.scene7.com/is/image/dkscdn/16HNDAN15MMXSPNSCWST_Black_is/?$DSG_ProductCard$,null,null
Tandem Rope Court Line,https://dks.scene7.com/is/image/dkscdn/16TANURPCRTLNXXXXVLL_is/?$DSG_ProductCard$,$29.99 ,null
Champion Deluxe Volleyball Set,https://dks.scene7.com/is/image/dkscdn/16CPSUDLXVLLYBLLSVLL_is/?$DSG_ProductCard$,$77.99 ,null
Champion Table Model Pump,https://dks.scene7.com/is/image/dkscdn/16CPSUPSCHTBLMDLPGAA_is/?$DSG_ProductCard$,$44.99 ,null
Tachikara Wallyball Wood Net Anchors,https://dks.scene7.com/is/image/dkscdn/16TACUTCHKRWLLYBLVLLXX_is/?$DSG_ProductCard$,$9.99 ,null
Tandem Beach Volleyball Court Line Sand Anchor Discs,https://dks.scene7.com/is/image/dkscdn/16TANUVBCRTLNSNDNVLL_is/?$DSG_ProductCard$,$14.99 ,null
adidas Women's 4 Inch Volleyball Shorts,https://dks.scene7.com/is/image/dkscdn/20ADIADDS4NSHRTBLVLL_Black_is/?$DSG_ProductCard$,$30.00 ,null
adidas Men's USA Volleyball 1/4 Zip Pullover,https://dks.scene7.com/is/image/dkscdn/20ADIMSV14ZPMNSXXVLL_Blue_White_Red_is/?$DSG_ProductCard$,$60.00 ,null
Porter Quality Volleyball Net,https://dks.scene7.com/is/image/dkscdn/16PORUQLTYVLLYBLLVLL_is/?$DSG_ProductCard$,$137.99 ,null
Tandem Double Net Storage Rack,https://dks.scene7.com/is/image/dkscdn/16TANUDBLNTSTRGRCVLL_is/?$DSG_ProductCard$,null,null
Under Armour Women's Volleyball Powerhouse Jersey Long Sleeve Shirt,https://dks.scene7.com/is/image/dkscdn/20UARWVBPWRHSLSJRAPT_White_is/?$DSG_ProductCard$,$45.00 ,NewArrivals
Champion 2.2 mm Volleyball Net,https://dks.scene7.com/is/image/dkscdn/16CPSU22MMVLLYBLLVLL_is/?$DSG_ProductCard$,$35.99 ,null
Adidas Women's USA Volleyball T-Shirt,https://dks.scene7.com/is/image/dkscdn/19ADIWDDSSVTWXXXXVLL_Red_White_Blue_is/?$DSG_ProductCard$,$34.99 ,null
Adidas Women's HiLo Long Sleeve Jersey,https://dks.scene7.com/is/image/dkscdn/18ADIWHLLNGSLVJRSVLLB_White_is/?$DSG_ProductCard$,$35.00 ,null
adidas Youth 4 Inch Alphaskin Volleyball Shorts,https://dks.scene7.com/is/image/dkscdn/20ADIADDS4NYTHSHRVLL_Black_is/?$DSG_ProductCard$,$25.00 ,NewArrivals
Mizuno Women's Long Volleyball Jogger Pants,https://dks.scene7.com/is/image/dkscdn/18MIZAVLLYBLLJGGRVLL_Heathered_Charcoal_is/?$DSG_ProductCard$,$41.99 ,null
Porter Volleyball Standard Wall Storage,https://dks.scene7.com/is/image/dkscdn/16PORUVLLYBLLSTNDVLL_is/?$DSG_ProductCard$,$77.99 ,null
Under Armour Dual-Action Ball Pump,https://dks.scene7.com/is/image/dkscdn/18UARUDLCTNPMPBLKGAA_Black_Red_is/?$DSG_ProductCard$,$10.00 ,null
Tandem Covered Net Tightener,https://dks.scene7.com/is/image/dkscdn/16TANUCVRDNTTGHTNVLL_is/?$DSG_ProductCard$,$29.99 ,null
Mizuno Women's April Ross Vision Volleyball Graphic Tank Top,https://dks.scene7.com/is/image/dkscdn/19MIZWRVSNGRPHCTNVLL_Crystal_Rose_is/?$DSG_ProductCard$,$27.99 ,null
Active Ankle AS1 Pro Lace-Up Ankle Brace with Straps,https://dks.scene7.com/is/image/dkscdn/16CMRACRMRCTVNKLSSPM_Black_is/?$DSG_ProductCard$,$39.99 ,null
Mizuno Boys' Comp Workout Shorts,https://dks.scene7.com/is/image/dkscdn/18MIZBYTHCMPWRKTSBBA_Grey_is/?$DSG_ProductCard$,$19.99 ,null
Mizuno Women's Beach Volleyball Omnis Tights,https://dks.scene7.com/is/image/dkscdn/16MIZWBCHMNSTGHTXVLL_Charcoal_is/?$DSG_ProductCard$,$43.99 ,null
Active Ankle T2 Rigid Multi-Sport Ankle Brace,https://dks.scene7.com/is/image/dkscdn/16CMRUT2CTVNKLXXXSPM_White_is/?$DSG_ProductCard$,$39.99 ,null
Mizuno Men's Comp Short Sleeve Polo,https://dks.scene7.com/is/image/dkscdn/18MIZMCMPSSPLSHRTBBA_Grey_is/?$DSG_ProductCard$,$34.99 ,null
Mizuno Women's April Ross Flow Volleyball Long Sleeve Top,https://dks.scene7.com/is/image/dkscdn/19MIZWRFLWTPXXXXXVLL_Beetle_is/?$DSG_ProductCard$,$44.99 ,null
Tandem Single Net Storage Rack,https://dks.scene7.com/is/image/dkscdn/19TANUSNGLNTSTRGRVLL_is/?$DSG_ProductCard$,$169.00 ,null
DonJoy Performance POD Foot Ankle Brace,https://dks.scene7.com/is/image/dkscdn/16DJOUPDNKLBRCLFTSPM_White_is/?$DSG_ProductCard$,null,null
Tachikara Wallyball Net,https://dks.scene7.com/is/image/dkscdn/16TACUTCHKRWLLYBLVLL_is/?$DSG_ProductCard$,$99.99 ,null
Tandem Double Net Storage Rack,https://dks.scene7.com/is/image/dkscdn/19TANUDBLNTSTRGRCVLL_is/?$DSG_ProductCard$,$187.00 ,null
adidas Men's USA Volleyball Anorak Jacket,https://dks.scene7.com/is/image/dkscdn/20ADIMMNSSVNRKJCKVLL_Grey_Navy_is/?$DSG_ProductCard$,$100.00 ,null
adidas Men's USA Volleyball ¼ Zip Jersey,https://dks.scene7.com/is/image/dkscdn/19ADIMSVLLYBLL14ZVLL_Grey_is/?$DSG_ProductCard$,$60.00 ,null
adidas Men's USA Volleyball Anorak Jacket,https://dks.scene7.com/is/image/dkscdn/20ADIMSVNRKJCKTXXVLL_Carbon_Black_is/?$DSG_ProductCard$,$100.00 ,null
adidas Women's USA Volleyball Performance 3/4 Tights,https://dks.scene7.com/is/image/dkscdn/19ADIWSPRFRMNC34TVLL_Black_Black_is/?$DSG_ProductCard$,$60.00 ,null
Tandem Volleyball/Basketball Ultimate Ball Rack,https://dks.scene7.com/is/image/dkscdn/16TANULTMTBLLRCKXVLL_is/?$DSG_ProductCard$,$90.00 ,null
Mizuno Women's Volleyball Attack T-Shirt 2.0,https://dks.scene7.com/is/image/dkscdn/18MIZWWMNSVLLYBLLVLL_Charcoal_is/?$DSG_ProductCard$,$24.99 ,null
Nike Women's Dri-Fit Legend Classic Volleyball Tank Top,https://dks.scene7.com/is/image/dkscdn/20NIKULGNDCLSSCTNVLL_Dark_Grey_is/?$DSG_ProductCard$,$31.00 ,NewArrivals
Tandem Volleyball Net Extender,https://dks.scene7.com/is/image/dkscdn/16TANUNTXTNDRXXXXVLL_is/?$DSG_ProductCard$,$19.99 ,null
Tandem Volleyball Headband,https://dks.scene7.com/is/image/dkscdn/16TANUVLLYBLLHDBNVLL_Eat_Sleep_Play_is/?$DSG_ProductCard$,$7.99 ,null
Adidas Women's HiLo Short Sleeve Jersey,https://dks.scene7.com/is/image/dkscdn/18ADIWHLJRSYXXXXXVLL_Black_White_is/?$DSG_ProductCard$,$29.99 ,null
Mizuno Men's Volleyball Attack T-Shirt 2.0,https://dks.scene7.com/is/image/dkscdn/18MIZMMNSVLLYBLLTVLL_Charcoal_is/?$DSG_ProductCard$,$24.99 ,null
